slope,intercept,rvalue,pvalue,stderr
-0.0016666666666666666,0.05,-0.9999999999999998,3.594178892802287e-224,6.522061072772869e-12
