slope,intercept,rvalue,pvalue,stderr
-0.0016666666666669966,0.049164487361164966,-0.9999999973460629,2.105585405685862e-117,2.2947218094851544e-08
