inlet,middle,relative_difference
1.6326529864486352,1.6337417243506691,0.9993335923997003
