inlet,middle,relative_difference
1.6088762964810592,1.6112477900676854,0.9985281633270532
