inlet,middle,relative_difference
1.632652986448631,1.6337417243506702,0.9993335923996971
