popt,pcov
[-4.99068739e-05  1.49720622e-03 -5.75249675e-13],"[[ 1.43779867e-31 -3.26209531e-30 -1.60272942e-31]
 [-3.26209531e-30  7.91823646e-29  2.05759579e-30]
 [-1.60272942e-31  2.05759579e-30  9.91581242e-30]]"
