popt,pcov
[-4.49841668e-05  2.69905001e-03 -2.47192489e-13],"[[ 3.15773149e-32 -1.42117651e-30 -1.42038716e-29]
 [-1.42117651e-30  6.82291007e-29  5.11244686e-28]
 [-1.42038716e-29  5.11244686e-28  1.63872924e-25]]"
