popt,pcov
[-4.49895309e-05  2.69937186e-03 -2.21780105e-13],"[[ 2.54229975e-32 -1.14419376e-30 -1.14355828e-29]
 [-1.14419376e-30  5.49314676e-29  4.11604742e-28]
 [-1.14355828e-29  4.11604742e-28  1.31934621e-25]]"
