popt,pcov
[-4.49841668e-05  2.69905001e-03 -2.47193453e-13],"[[ 3.15769764e-32 -1.42116127e-30 -1.42037200e-29]
 [-1.42116127e-30  6.82283694e-29  5.11239235e-28]
 [-1.42037200e-29  5.11239235e-28  1.63871171e-25]]"
